type,date_creation,ent_company_name,ent_siret,ent_statut,ent_naf,ent_telephone,ent_city,ent_postcode,ent_street_address,ent_mail,ent_iban,ent_bic_code,ent_bank_name,ent_bank_adress,ent_bank_postcode,ent_bank_city,ent_bank_country_code
entreprise,2022-12-11,APE Lambert SARL,02906354200400,SARL,4291Z,06.91.27.34.98,Brunnec,17497,84 rue de Lejeune,apelambertsarl@fakemail.com,FR7610011000003456669603151,PSSTFRPP,La Banque Postale,7 rue Alphonse Buisson,07751,Leroyboeuf,FR
entreprise,2022-12-11,APE Bailly SAS,89666153500915,SAS,4120A,06.63.28.26.32,Begue-sur-Leleu,66733,673 boulevard Klein,apebaillysas@fakemail.com,FR7630001000006511935693244,AGRIFRPP,Banque de France,21 rue de Aubry,45532,Gomez,FR
entreprise,2022-12-11,APE Gaudin SARL,70718250700129,SARL,4299Z,06.49.83.79.19,Sainte AlexVille,44461,7 rue de Adam,apegaudinsarl@fakemail.com,FR7612548000002780812623558,AXABFRPP,AXA Banque,97 avenue de Meunier,38664,Perriernec,FR
entreprise,2022-12-11,APE Maury SA,90814965100162,SA,4299Z,06.46.13.94.46,PrevostVille,63406,24 rue Bertrand,apemaurysa@fakemail.com,FR7630006000005363258859332,AGRIFRPP,Crédit Agricole,459 chemin Alix Giraud,18709,GuichardVille,FR
entreprise,2022-12-11,APE Albert Huet SARL,50372767900444,SARL,4299Z,06.68.02.73.72,Collin,97210,22 rue de Klein,apealberthuetsarl@fakemail.com,FR7610107000001468172824610,CCBPFRPP,Banque Populaire,91 rue Suzanne Dias,65851,Saint RaymondVille,FR
entreprise,2022-12-11,APE Allain SARL,12643045300830,SARL,4211Z,06.36.14.19.34,Morvandan,45356,20 avenue Delattre,apeallainsarl@fakemail.com,FR7630004000001321141371731,BNPAFRPP,BNP Paribas,31 boulevard de Hebert,65801,Bourgeois,FR
entreprise,2022-12-11,APE Le Goff SARL,09570493800950,SARL,4120B,06.35.99.50.88,Sainte Michellenec,27749,91 boulevard de Adam,apelegoffsarl@fakemail.com,FR7630004000003103989866464,BNPAFRPP,BNP Paribas,956 boulevard de Lelievre,87669,Sainte BertrandVille,FR
entreprise,2022-12-11,APE Chauveau SA,58680163100746,SA,4222Z,06.86.18.13.60,Guilbert-les-Bains,08114,547 rue de Chauveau,apechauveausa@fakemail.com,FR7630056000003569870816128,CCFRFRCR,HSBC,957 rue Remy,65304,Rousseau,FR
entreprise,2022-12-11,APE Bertin SAS,84360519700451,SAS,4399C,06.57.86.56.43,Andre,97380,99 avenue Genevieve Reynaud,apebertinsas@fakemail.com,FR7630056000007059618943668,CCFRFRCR,HSBC,1 chemin de Cordier,11517,Sainte Patricia,FR
entreprise,2022-12-11,APE Boulanger Leger SA,08826412200859,SA,4211Z,06.57.38.08.60,Sainte Stephanie,61319,75 chemin Lefort,apeboulangerlegersa@fakemail.com,FR7630056000001920351718009,CCFRFRCR,HSBC,601 rue de Bousquet,43690,Perez,FR
entreprise,2022-12-11,APE Dupuy SA,00238481600985,SA,4212Z,06.50.23.45.53,Boulay,91590,16 rue de Teixeira,apedupuysa@fakemail.com,FR7611808000008366193919242,CMBRFR2B,Crédit Mutuel,35 avenue de Gimenez,97453,Carre,FR
entreprise,2022-12-11,APE Allard Pottier SARL,27273940000005,SARL,4213A,06.27.08.69.97,Davidboeuf,50996,525 chemin de Courtois,apeallardpottiersarl@fakemail.com,FR7612548000007529985147603,AXABFRPP,AXA Banque,20 chemin de Dupuy,97149,Vidal,FR
entreprise,2022-12-11,APE Marty SA,05705155900680,SA,4221Z,06.80.59.04.58,Baudry,90512,946 rue de Jacquet,apemartysa@fakemail.com,FR7630004000003665371940187,BNPAFRPP,BNP Paribas,873 rue Techer,51166,Bourdon,FR
entreprise,2022-12-11,APE Delahaye SARL,67280778100857,SARL,4120A,06.92.55.32.66,Paulnec,02709,49 rue Bouvet,apedelahayesarl@fakemail.com,FR7630002000001080308172961,CRLYFRPP,Crédit Lyonnais (LCL),5 rue Antoinette Boulay,53322,Besson,FR
entreprise,2022-12-11,APE Marechal Bouvier SARL,21722906100940,SARL,4399C,06.18.59.59.68,Marchand-les-Bains,35292,46 chemin Letellier,apemarechalbouviersarl@fakemail.com,FR7611315000001202096103126,CEPAFRPP,Caisse d'Epargne,872 boulevard de Peltier,72112,Saint Josephinedan,FR
entreprise,2022-12-11,APE Pierre Clerc SA,34403946600745,SA,4212Z,06.34.53.23.99,Sainte Elise-les-Bains,97316,76 chemin Clemence Martel,apepierreclercsa@fakemail.com,FR7630001000003919519937328,AGRIFRPP,Banque de France,911 rue Mahe,42366,PhilippeBourg,FR
entreprise,2022-12-11,APE Perrier SAS,34035801900552,SAS,4299Z,06.62.72.70.90,Francois,83573,27 rue Brunel,apeperriersas@fakemail.com,FR7630006000004063910332543,AGRIFRPP,Crédit Agricole,7 avenue de De Sousa,97231,Caron-sur-Voisin,FR
entreprise,2022-12-11,APE Lacombe SARL,94893508500555,SARL,4291Z,06.86.56.33.10,Marie,17429,11 avenue de Roy,apelacombesarl@fakemail.com,FR7610011000005534730372742,PSSTFRPP,La Banque Postale,33 boulevard Ruiz,66753,Saint Honoreboeuf,FR
entreprise,2022-12-11,APE Thierry SA,00692379100500,SA,4399C,06.92.14.53.22,Saint Honore,34422,7 rue Christophe Charles,apethierrysa@fakemail.com,FR7611808000007981196174002,CMBRFR2B,Crédit Mutuel,72 avenue Ines Alves,78226,Lambert,FR
entreprise,2022-12-11,APE Lebrun SAS,00177698800287,SAS,4120A,06.04.81.97.64,Raynaud,77326,922 chemin Mace,apelebrunsas@fakemail.com,FR7630001000004894315745853,AGRIFRPP,Banque de France,15 rue de Marchal,47400,LegerBourg,FR
entreprise,2022-12-11,APE Fournier SA,86562238500504,SA,4221Z,06.68.58.80.53,Dupuy,97665,357 avenue de Vallee,apefourniersa@fakemail.com,FR7630002000002362655359885,CRLYFRPP,Crédit Lyonnais (LCL),128 boulevard de Boulanger,85623,Jacques,FR
entreprise,2022-12-11,APE Leclerc Hoareau et Fils SARL,36461634200648,SARL,4399D,06.38.63.29.13,Mendes-les-Bains,12188,39 rue de Dubois,apeleclerchoareauetfilssarl@fakemail.com,FR7630004000003352743404860,BNPAFRPP,BNP Paribas,49 avenue Besnard,84468,Fouquet-sur-Bonnet,FR
entreprise,2022-12-11,APE Ledoux SARL,06166032000732,SARL,4299Z,06.38.75.85.45,Sainte Manon,06314,855 boulevard de Besnard,apeledouxsarl@fakemail.com,FR7630006000002399033393301,AGRIFRPP,Crédit Agricole,82 avenue Frederic Leger,87214,Lemaire,FR
entreprise,2022-12-11,APE Lamy SAS,27172452800788,SAS,4221Z,06.47.67.69.72,Saint William,97629,1 avenue Aimee Aubry,apelamysas@fakemail.com,FR7630004000003228989515439,BNPAFRPP,BNP Paribas,45 boulevard Marques,39361,Giraudboeuf,FR
entreprise,2022-12-11,APE Blanchet SAS,41558191700614,SAS,4222Z,06.22.19.29.90,Weiss,95713,19 boulevard Veronique Joubert,apeblanchetsas@fakemail.com,FR7611315000009323712786879,CEPAFRPP,Caisse d'Epargne,6 rue de Potier,37895,Delmas,FR
entreprise,2022-12-11,CBO Perrot SA,11970061500113,SA,4120A,06.37.57.74.85,Rousseau,97222,29 chemin de Hoareau,cboperrotsa@fakemail.com,FR7611315000008141986431184,CEPAFRPP,Caisse d'Epargne,34 avenue Olivier Regnier,05947,Neveu,FR
entreprise,2022-12-11,CBO Legendre SARL,20746594900791,SARL,4299Z,06.53.89.20.93,Imbertdan,79236,3 avenue Ramos,cbolegendresarl@fakemail.com,FR7612548000001805415741050,AXABFRPP,AXA Banque,72 chemin Emmanuel Wagner,08207,Alves-sur-Mer,FR
entreprise,2022-12-11,CBO Foucher SARL,79800113700313,SARL,4399C,06.08.27.87.33,Lelievredan,89561,36 chemin Christelle Marques,cbofouchersarl@fakemail.com,FR7610107000002914071533248,CCBPFRPP,Banque Populaire,97 avenue Adele Hamon,31802,De Oliveira-la-Foret,FR
entreprise,2022-12-11,CBO Bouvet Ribeiro SAS,77132137900105,SAS,4212Z,06.80.17.60.42,Caron,58128,4 chemin Lecomte,cbobouvetribeirosas@fakemail.com,FR7630056000003087505566503,CCFRFRCR,HSBC,48 rue Diallo,76294,Leger,FR
entreprise,2022-12-11,CBO Renault SA,12035608400596,SA,4221Z,06.25.87.82.13,Sainte Valentine,26169,74 chemin de Gilbert,cborenaultsa@fakemail.com,FR7630056000007754657719650,CCFRFRCR,HSBC,4 rue de Bruneau,97124,Piresboeuf,FR
entreprise,2022-12-11,CBO Paul SA,62765709100443,SA,4299Z,06.56.99.75.45,Roussel,67175,921 rue de Arnaud,cbopaulsa@fakemail.com,FR7610107000008370458701433,CCBPFRPP,Banque Populaire,702 boulevard Leroux,18350,Sainte Noel,FR
entreprise,2022-12-11,CBO Dupre SAS,29048927700449,SAS,4291Z,06.78.73.20.98,Sainte Adrienne,18915,99 rue de Faivre,cbodupresas@fakemail.com,FR7630004000006183924383550,BNPAFRPP,BNP Paribas,514 rue Pelletier,93326,Salmon,FR
entreprise,2022-12-11,CBO Renault SARL,29187985600750,SARL,4120B,06.92.19.72.32,Marty-sur-Samson,97351,940 boulevard de Pons,cborenaultsarl@fakemail.com,FR7611808000009672986546519,CMBRFR2B,Crédit Mutuel,66 chemin Simone Toussaint,84128,Sainte Marianne-sur-Mer,FR
entreprise,2022-12-11,CBO Leroy SARL,10046004700572,SARL,4120A,06.02.75.47.28,Baudry,55287,77 rue Valerie Masson,cboleroysarl@fakemail.com,FR7610107000001073296414876,CCBPFRPP,Banque Populaire,99 avenue Neveu,02680,Couturier,FR
entreprise,2022-12-11,CBO Besnard SARL,76546769100091,SARL,4299Z,06.98.63.98.80,Collet,89282,811 rue de Alexandre,cbobesnardsarl@fakemail.com,FR7610107000003922860353610,CCBPFRPP,Banque Populaire,8 rue de Gonzalez,97171,Navarro,FR
entreprise,2022-12-11,CBO Parent SARL,20115282400870,SARL,4213B,06.56.45.45.04,Bruneau-sur-Mer,77551,507 chemin de Robin,cboparentsarl@fakemail.com,FR7610107000004187426287739,CCBPFRPP,Banque Populaire,4 rue Dijoux,42348,Sainte Constance-les-Bains,FR
entreprise,2022-12-11,CBO Barbier SARL,82586175000594,SARL,4299Z,06.07.09.85.85,Fernandes,90388,7 boulevard Delahaye,cbobarbiersarl@fakemail.com,FR7610107000001304268135596,CCBPFRPP,Banque Populaire,80 avenue Claudine Brun,12483,Le Goff,FR
entreprise,2022-12-11,CBO Boyer Becker SARL,21678119500898,SARL,4211Z,06.45.29.85.63,Ferreira,80482,37 rue Barbier,cboboyerbeckersarl@fakemail.com,FR7630006000009433486593643,AGRIFRPP,Crédit Agricole,2 rue Marie,09642,Benoit,FR
entreprise,2022-12-11,CBO Weber SA,21889860900407,SA,4399D,06.08.19.29.79,Schmittnec,75696,38 rue Thomas Moulin,cbowebersa@fakemail.com,FR7630002000006293521706119,CRLYFRPP,Crédit Lyonnais (LCL),24 chemin Nicolas,82462,Petit-les-Bains,FR
entreprise,2022-12-11,CBO Costa et Fils SAS,70476644300599,SAS,4213A,06.06.82.69.98,Dos Santos,31945,307 chemin Philippe,cbocostaetfilssas@fakemail.com,FR7611808000009722182631226,CMBRFR2B,Crédit Mutuel,13 avenue Agathe Merle,33858,Turpin,FR
entreprise,2022-12-11,CBO Gonzalez SAS,52781523700369,SAS,4212Z,06.51.75.45.70,Diaz,59499,36 rue Albert,cbogonzalezsas@fakemail.com,FR7630006000007145654757497,AGRIFRPP,Crédit Agricole,39 chemin Alexandria Langlois,95698,Saint Remy,FR
entreprise,2022-12-11,CBO Delahaye SA,66148957500760,SA,4213B,06.98.71.24.37,Kleindan,60321,5 rue Marguerite Robert,cbodelahayesa@fakemail.com,FR7630002000008830021160001,CRLYFRPP,Crédit Lyonnais (LCL),71 boulevard Humbert,55588,DumontBourg,FR
entreprise,2022-12-11,CBO Lamy SAS,85107571300996,SAS,4213B,06.31.70.92.45,Saint Arthurdan,03877,3 rue Marianne Petitjean,cbolamysas@fakemail.com,FR7611315000004020971338224,CEPAFRPP,Caisse d'Epargne,82 chemin Moreno,36702,Pages,FR
entreprise,2022-12-11,CBO Boyer SARL,09071235700798,SARL,4399D,06.26.36.79.86,Maillet-sur-Raynaud,16775,98 rue Evrard,cboboyersarl@fakemail.com,FR7630001000005607567945182,AGRIFRPP,Banque de France,6 rue Brunel,53174,HuetBourg,FR
entreprise,2022-12-11,CBO Verdier SARL,45001097000009,SARL,4222Z,06.27.34.70.68,Sainte Valentine,69637,636 boulevard de Clement,cboverdiersarl@fakemail.com,FR7630006000004959510772174,AGRIFRPP,Crédit Agricole,82 boulevard de Delaunay,20464,Vaillantnec,FR
entreprise,2022-12-11,CBO Chauveau SA,69054670000178,SA,4221Z,06.96.26.97.13,Guillaume-sur-Mer,17366,40 rue Traore,cbochauveausa@fakemail.com,FR7630001000009305895933590,AGRIFRPP,Banque de France,1 boulevard Muller,44437,Diaz,FR
entreprise,2022-12-11,CBO Guillon SAS,42899595500559,SAS,4291Z,06.08.56.44.91,LarocheBourg,26221,50 chemin de De Sousa,cboguillonsas@fakemail.com,FR7610107000002875493686722,CCBPFRPP,Banque Populaire,70 rue Michaud,64680,Chevallier,FR
entreprise,2022-12-11,CBO Costa Reynaud SA,93487579000040,SA,4120A,06.66.28.58.72,Colin,97471,109 rue Isaac Benard,cbocostareynaudsa@fakemail.com,FR7612548000001556510909232,AXABFRPP,AXA Banque,51 avenue Blanc,06455,Giraud-la-Foret,FR
entreprise,2022-12-11,CBO Daniel Collin SARL,27123554100932,SARL,4213A,06.94.64.87.66,Foucher-sur-Andre,42493,2 rue Adele Dupre,cbodanielcollinsarl@fakemail.com,FR7630056000008489506427040,CCFRFRCR,HSBC,10 rue Bourdon,54749,Coulon,FR
entreprise,2022-12-11,CBO Fleury Carre SA,57611096900119,SA,4399C,06.77.83.91.06,Charpentierboeuf,09163,87 rue Becker,cbofleurycarresa@fakemail.com,FR7630002000005920766679012,CRLYFRPP,Crédit Lyonnais (LCL),38 rue de Chauvet,48777,Saint Charles-les-Bains,FR
entreprise,2022-12-11,JMO Muller SA,02622627400475,SA,4211Z,06.77.66.48.84,Saint Claude,35844,254 avenue Charrier,jmomullersa@fakemail.com,FR7630056000007732681715094,CCFRFRCR,HSBC,3 chemin Rolland,82655,Sainte Arthur,FR
entreprise,2022-12-11,JMO Bonnin Gilles SARL,07713680200384,SARL,4120B,06.53.43.99.89,Perrier,90987,97 rue de Francois,jmobonningillessarl@fakemail.com,FR7630001000002072320299630,AGRIFRPP,Banque de France,24 avenue Legros,27928,Lamy-sur-Mer,FR
entreprise,2022-12-11,JMO Pons Chartier SARL,79230517900923,SARL,4399D,06.82.23.40.29,BoutinBourg,97447,4 avenue de Jean,jmoponschartiersarl@fakemail.com,FR7630006000001164949042832,AGRIFRPP,Crédit Agricole,33 chemin Durand,82685,Saint Etienne-la-Foret,FR
entreprise,2022-12-11,JMO Meyer SA,07702249900378,SA,4222Z,06.23.76.46.51,Sainte Alphonse,15903,46 rue Gilles,jmomeyersa@fakemail.com,FR7630002000001081198574567,CRLYFRPP,Crédit Lyonnais (LCL),78 chemin de Navarro,85799,Maillet,FR
entreprise,2022-12-11,JMO Duhamel SARL,00263923500536,SARL,4213A,06.20.64.86.59,LecomteVille,19422,6 boulevard Lucie Ledoux,jmoduhamelsarl@fakemail.com,FR7630056000006743822884108,CCFRFRCR,HSBC,3 rue Alex Pons,31179,Saint Nicolas,FR
entreprise,2022-12-11,JMO Legendre SA,10207005900880,SA,4213B,06.00.01.54.98,Marchandnec,75404,948 rue Paul Moulin,jmolegendresa@fakemail.com,FR7612548000004365985818458,AXABFRPP,AXA Banque,18 rue Bertrand,12419,Raynaudnec,FR
entreprise,2022-12-11,JMO Joseph Berger SA,36983136700320,SA,4222Z,06.80.13.58.37,Joseph,09100,23 chemin Dumont,jmojosephbergersa@fakemail.com,FR7610011000007210306155419,PSSTFRPP,La Banque Postale,943 rue de Maillard,44237,Guichard,FR
entreprise,2022-12-11,JMO Robert SARL,04664507300811,SARL,4213A,06.60.58.05.89,Sainte Caroline,40159,937 boulevard Adele Poulain,jmorobertsarl@fakemail.com,FR7610107000007887233280640,CCBPFRPP,Banque Populaire,35 boulevard de Foucher,27431,Gay-sur-Mer,FR
entreprise,2022-12-11,JMO Pichon SAS,88311123900736,SAS,4213B,06.06.02.67.57,LeducBourg,97232,128 boulevard Gauthier,jmopichonsas@fakemail.com,FR7630001000007920109545517,AGRIFRPP,Banque de France,35 avenue Ferreira,77470,Sainte Sophie-la-Foret,FR
entreprise,2022-12-11,JMO Adam SA,81781174800802,SA,4221Z,06.01.75.28.62,Sainte Josetteboeuf,27541,17 boulevard de Barbier,jmoadamsa@fakemail.com,FR7630002000005115582404442,CRLYFRPP,Crédit Lyonnais (LCL),26 rue de Simon,87713,Martinez,FR
entreprise,2022-12-11,JMO Nicolas SA,40257488300722,SA,4399C,06.32.19.49.49,RemyBourg,10335,60 chemin Valentine Pascal,jmonicolassa@fakemail.com,FR7630002000005484636566105,CRLYFRPP,Crédit Lyonnais (LCL),8 rue de Roche,30417,Clerc,FR
entreprise,2022-12-11,JMO Robin Sauvage SAS,15413377100134,SAS,4221Z,06.62.68.42.17,Marin,35647,19 rue Lecoq,jmorobinsauvagesas@fakemail.com,FR7630006000006215504165092,AGRIFRPP,Crédit Agricole,88 boulevard de Besnard,05254,Gosselin,FR
entreprise,2022-12-11,JMO Chevalier SAS,49269647100688,SAS,4299Z,06.13.88.79.81,Navarro,04934,58 chemin de Perrin,jmochevaliersas@fakemail.com,FR7630001000003914752031241,AGRIFRPP,Banque de France,35 rue Begue,74440,Martins-sur-Allain,FR
entreprise,2022-12-11,JMO Perez SARL,71503652100758,SARL,4291Z,06.87.10.68.96,Guibert,97298,3 rue Martin,jmoperezsarl@fakemail.com,FR7630001000003660457882915,AGRIFRPP,Banque de France,2 rue Philippe Legros,83631,Saint Christianenec,FR
entreprise,2022-12-11,JMO Hebert SA,26665717000160,SA,4291Z,06.48.08.29.69,Masse,93928,510 rue Daniel,jmohebertsa@fakemail.com,FR7612548000005774853863550,AXABFRPP,AXA Banque,81 boulevard de Navarro,72690,GonzalezBourg,FR
entreprise,2022-12-11,JMO Baudry SA,05294891600219,SA,4213B,06.08.50.13.69,FerreiraVille,57874,959 avenue de Denis,jmobaudrysa@fakemail.com,FR7630002000002302360462622,CRLYFRPP,Crédit Lyonnais (LCL),44 avenue Alexandre Petit,97142,De Sousa,FR
entreprise,2022-12-11,JMO Rousseau Delaunay et Fils SAS,22257365100353,SAS,4399D,06.90.97.77.23,Brunet,12890,6 rue de Reynaud,jmorousseaudelaunayetfilssas@fakemail.com,FR7610107000003003649987491,CCBPFRPP,Banque Populaire,62 rue Aubry,29610,Garnier-sur-Becker,FR
entreprise,2022-12-11,JMO Seguin SARL,02192045900449,SARL,4212Z,06.14.43.91.76,Lefort-sur-Meyer,09658,12 avenue Rene Marion,jmoseguinsarl@fakemail.com,FR7630006000001452589801688,AGRIFRPP,Crédit Agricole,2 rue Bertrand Blondel,04483,Saint Marc,FR
entreprise,2022-12-11,JMO Henry SA,46080865200891,SA,4291Z,06.55.74.98.99,Simondan,69305,5 avenue Pereira,jmohenrysa@fakemail.com,FR7630006000004591516280027,AGRIFRPP,Crédit Agricole,45 rue de Etienne,11254,Da Costa-sur-Mer,FR
entreprise,2022-12-11,JMO Perrier SA,98501925600314,SA,4399C,06.04.81.12.92,Sainte David,70677,34 chemin Sophie Bouchet,jmoperriersa@fakemail.com,FR7611808000003604386122041,CMBRFR2B,Crédit Mutuel,48 chemin de Pascal,51895,Grondin-sur-Bruneau,FR
entreprise,2022-12-11,JMO Barbier SAS,45360994300239,SAS,4213B,06.64.37.57.29,Gosselin,50339,6 rue Gilbert,jmobarbiersas@fakemail.com,FR7630001000005023354373851,AGRIFRPP,Banque de France,75 chemin Agathe Charles,04650,Sainte Jacquesnec,FR
entreprise,2022-12-11,JMO Julien SARL,51032371000390,SARL,4399C,06.25.62.85.14,Guillot-sur-Diaz,97128,9 chemin Anastasie Mahe,jmojuliensarl@fakemail.com,FR7630006000003491626766089,AGRIFRPP,Crédit Agricole,312 rue Leconte,14597,Dumont-sur-Vasseur,FR
entreprise,2022-12-11,JMO Salmon SA,49478502500722,SA,4213B,06.87.12.44.77,Dupuis-les-Bains,80529,8 rue Alexandre Costa,jmosalmonsa@fakemail.com,FR7610107000006674916155807,CCBPFRPP,Banque Populaire,1 chemin de Gillet,05428,Sainte Charlotte-sur-Mer,FR
entreprise,2022-12-11,JMO Lecoq Da Silva SAS,34392039300984,SAS,4212Z,06.28.64.63.76,Simonnec,97345,8 boulevard de Lemonnier,jmolecoqdasilvasas@fakemail.com,FR7612548000001651043848674,AXABFRPP,AXA Banque,31 chemin Renee Maillet,20164,Levydan,FR
entreprise,2022-12-11,JMO Letellier SAS,90138291100989,SAS,4222Z,06.78.59.72.12,Le Rouxdan,17540,588 rue Garcia,jmoletelliersas@fakemail.com,FR7630002000001557225614981,CRLYFRPP,Crédit Lyonnais (LCL),69 rue de Mace,33511,Saint Honorenec,FR
entreprise,2022-12-11,AGA Aubry Simon SA,40284703200446,SA,4213B,06.82.08.15.44,Bonnin,54841,946 rue Thibault Fournier,agaaubrysimonsa@fakemail.com,FR7610011000004268871918707,PSSTFRPP,La Banque Postale,93 rue Gabriel Aubert,77738,Jean,FR
entreprise,2022-12-11,AGA Chauveau Gay et Fils SAS,67669028200832,SAS,4399D,06.65.40.54.21,BegueBourg,59564,85 chemin de Raynaud,agachauveaugayetfilssas@fakemail.com,FR7610107000009212518389982,CCBPFRPP,Banque Populaire,722 boulevard de Leduc,70382,Saint Frederic-les-Bains,FR
entreprise,2022-12-11,AGA Robert SA,86020739800386,SA,4299Z,06.22.68.07.16,Fontaineboeuf,92213,78 chemin de Grenier,agarobertsa@fakemail.com,FR7610107000009740564689142,CCBPFRPP,Banque Populaire,48 chemin Christelle Gillet,40126,Lesage,FR
entreprise,2022-12-11,AGA Bouvet Jacquet SAS,29191709400372,SAS,4399D,06.31.19.23.74,Boulay,51336,5 rue de Roche,agabouvetjacquetsas@fakemail.com,FR7610107000006315036710529,CCBPFRPP,Banque Populaire,797 rue de Peron,61630,Saint Anoukboeuf,FR
entreprise,2022-12-11,AGA Leconte SA,79145187500730,SA,4213A,06.48.35.36.54,Sainte Roger,58675,36 boulevard Mathieu,agalecontesa@fakemail.com,FR7610107000007553477280752,CCBPFRPP,Banque Populaire,1 rue Laurence Fabre,93264,Vasseur,FR
entreprise,2022-12-11,AGA Diaz et Fils SAS,89437579900174,SAS,4212Z,06.35.58.46.03,Leger,91624,79 boulevard Gallet,agadiazetfilssas@fakemail.com,FR7630056000002303935884771,CCFRFRCR,HSBC,405 boulevard Capucine Langlois,12901,Legrand-sur-Fournier,FR
entreprise,2022-12-11,AGA Lemoine Joseph SA,26579079000264,SA,4291Z,06.79.23.93.33,Nicolas,38687,8 avenue de Goncalves,agalemoinejosephsa@fakemail.com,FR7611808000008598770724085,CMBRFR2B,Crédit Mutuel,180 boulevard Laurent Potier,15199,Garcia,FR
entreprise,2022-12-11,AGA Olivier SA,44757643000576,SA,4120A,06.86.92.89.26,Lucas,65504,17 avenue Victor Rolland,agaoliviersa@fakemail.com,FR7630001000007914435472705,AGRIFRPP,Banque de France,392 rue de Boucher,24819,Germain-sur-Mer,FR
entreprise,2022-12-11,AGA Rossi SARL,00082226200275,SARL,4211Z,06.03.49.11.33,Pichon,73991,45 rue de Marechal,agarossisarl@fakemail.com,FR7610011000005437017381614,PSSTFRPP,La Banque Postale,66 rue Bousquet,20965,Navarroboeuf,FR
entreprise,2022-12-11,AGA Marchal SARL,73682202400476,SARL,4213A,06.12.48.27.79,Etienne-sur-Mer,45358,65 avenue Claire Charrier,agamarchalsarl@fakemail.com,FR7611808000007425012590724,CMBRFR2B,Crédit Mutuel,57 rue de Pottier,86463,Saint Camille,FR
entreprise,2022-12-11,AGA Petitjean Lecoq SAS,87865584400883,SAS,4211Z,06.92.23.61.27,Dupre,32309,5 rue Diane Pierre,agapetitjeanlecoqsas@fakemail.com,FR7610107000009531052961981,CCBPFRPP,Banque Populaire,56 rue de Mary,44459,Baudry-sur-Collin,FR
entreprise,2022-12-11,AGA Peron SA,29826535600428,SA,4399D,06.49.41.88.27,Maillotboeuf,66938,45 avenue Robin,agaperonsa@fakemail.com,FR7630056000001241530294912,CCFRFRCR,HSBC,98 chemin Stephanie Gerard,16125,Regnier,FR
entreprise,2022-12-11,AGA Weber SA,29594411000580,SA,4221Z,06.78.76.23.73,Sainte Gabriel,35589,23 rue Alice Besnard,agawebersa@fakemail.com,FR7611808000003617379362736,CMBRFR2B,Crédit Mutuel,30 rue de Vaillant,17840,Olivier,FR
entreprise,2022-12-11,AGA Louis SARL,71456936500741,SARL,4213A,06.04.75.70.19,MartinBourg,17862,922 rue Lucy Dumas,agalouissarl@fakemail.com,FR7630004000007481321790453,BNPAFRPP,BNP Paribas,47 boulevard de Francois,56531,Baudry-sur-Denis,FR
entreprise,2022-12-11,AGA Marion SARL,23626424800253,SARL,4211Z,06.39.53.81.36,David-sur-Guillet,32336,25 rue de Guillet,agamarionsarl@fakemail.com,FR7630004000005852721026932,BNPAFRPP,BNP Paribas,93 boulevard Franck Muller,91680,Guillou-sur-Lopes,FR
entreprise,2022-12-11,AGA Jacquot SARL,97722327000363,SARL,4213B,06.14.17.19.36,Vallee,77717,88 boulevard Garcia,agajacquotsarl@fakemail.com,FR7611315000008469657129573,CEPAFRPP,Caisse d'Epargne,197 boulevard Marine Morel,60733,Vidal-sur-Hubert,FR
entreprise,2022-12-11,AGA Leroy SAS,32271116900639,SAS,4299Z,06.18.11.35.83,RousseauVille,54385,1 avenue de Gomez,agaleroysas@fakemail.com,FR7610107000005188482939535,CCBPFRPP,Banque Populaire,43 boulevard Lorraine Maury,58824,Lenoirdan,FR
entreprise,2022-12-11,AGA Millet SARL,41230763900903,SARL,4120B,06.77.71.32.60,LucasVille,67614,587 chemin Edouard Voisin,agamilletsarl@fakemail.com,FR7630001000001180662837249,AGRIFRPP,Banque de France,711 avenue Michelle Legrand,27283,Gillet-sur-Gilles,FR
entreprise,2022-12-11,AGA Jean SAS,34181280800572,SAS,4299Z,06.13.09.98.94,Sainte Maggie,54435,8 boulevard Eric Francois,agajeansas@fakemail.com,FR7630001000006430064320845,AGRIFRPP,Banque de France,1 avenue Virginie Gilles,03481,Da Costa-sur-Mer,FR
entreprise,2022-12-11,AGA Lelievre SA,46157880900554,SA,4299Z,06.32.92.58.10,CamusVille,60979,371 avenue de Martel,agalelievresa@fakemail.com,FR7610011000004330636595181,PSSTFRPP,La Banque Postale,38 avenue Emmanuelle Lesage,62579,Richard-sur-Mer,FR
entreprise,2022-12-11,AGA Renaud SAS,54118755500183,SAS,4212Z,06.02.53.80.33,Legros,42987,38 avenue Masson,agarenaudsas@fakemail.com,FR7610011000001868257224492,PSSTFRPP,La Banque Postale,595 chemin Le Goff,43314,Jourdan,FR
entreprise,2022-12-11,AGA Coste Pasquier SARL,86443175400828,SARL,4222Z,06.45.65.27.13,Louis-sur-Gosselin,97160,66 chemin Hortense Bertin,agacostepasquiersarl@fakemail.com,FR7630004000001248944243601,BNPAFRPP,BNP Paribas,83 rue de Faure,60617,Bourgeoisboeuf,FR
entreprise,2022-12-11,AGA Mahe SA,20154034100256,SA,4120A,06.52.39.04.69,Gilbert,61381,62 chemin de Marty,agamahesa@fakemail.com,FR7630004000001852277952084,BNPAFRPP,BNP Paribas,68 rue de Lenoir,34373,Perez,FR
entreprise,2022-12-11,AGA Perrier Parent SARL,66590522000893,SARL,4399C,06.34.24.20.26,Masseboeuf,49656,5 boulevard Pierre Bonnin,agaperrierparentsarl@fakemail.com,FR7630002000001045606957819,CRLYFRPP,Crédit Lyonnais (LCL),845 rue Raymond Chauvet,75146,Rollanddan,FR
entreprise,2022-12-11,AGA Bourdon SARL,30486192500481,SARL,4211Z,06.16.43.14.89,Saint Philippine,83520,388 chemin Vincent Legrand,agabourdonsarl@fakemail.com,FR7611315000003375631982665,CEPAFRPP,Caisse d'Epargne,37 avenue Honore Carpentier,26601,Sainte Matthieu,FR
entreprise,2022-12-11,RSA Pineau SARL,35348140100381,SARL,4120B,06.02.01.41.78,Nicolas,42821,339 boulevard Colette Hubert,rsapineausarl@fakemail.com,FR7610011000007931171517797,PSSTFRPP,La Banque Postale,8 rue Le Roux,15827,Delattreboeuf,FR
entreprise,2022-12-11,RSA Rolland SARL,79637405600672,SARL,4399D,06.72.26.82.69,Saint Elodie,11540,856 chemin de Ramos,rsarollandsarl@fakemail.com,FR7630006000009155685958077,AGRIFRPP,Crédit Agricole,59 avenue Gregoire Perret,21553,Sainte Theophile,FR
entreprise,2022-12-11,RSA Barthelemy Valette SAS,93724386300530,SAS,4299Z,06.94.44.08.38,Sainte Alain,62433,92 boulevard de Fernandez,rsabarthelemyvalettesas@fakemail.com,FR7611808000005543171107607,CMBRFR2B,Crédit Mutuel,66 boulevard Labbe,12442,LefortBourg,FR
entreprise,2022-12-11,RSA Lacombe SARL,67575262000640,SARL,4120B,06.33.58.39.84,BousquetBourg,02447,65 rue Xavier Bodin,rsalacombesarl@fakemail.com,FR7630004000008288147514155,BNPAFRPP,BNP Paribas,35 chemin Elisabeth Daniel,39449,Saint Raymond-sur-Mer,FR
entreprise,2022-12-11,RSA Carlier Fabre SA,13744080600768,SA,4221Z,06.38.02.71.37,Martineau,38610,30 rue Reynaud,rsacarlierfabresa@fakemail.com,FR7612548000004208195850655,AXABFRPP,AXA Banque,4 boulevard de Deschamps,49572,Thierrynec,FR
entreprise,2022-12-11,RSA Valette SAS,73882123000732,SAS,4399C,06.01.00.49.74,Hardy,83538,170 rue de Rossi,rsavalettesas@fakemail.com,FR7630056000002231031215458,CCFRFRCR,HSBC,68 rue Langlois,17390,Reynaud-la-Foret,FR
entreprise,2022-12-11,RSA Vasseur Turpin et Fils SARL,38198641300684,SARL,4120A,06.73.15.81.14,Roux,67125,49 avenue de Pasquier,rsavasseurturpinetfilssarl@fakemail.com,FR7630006000001688347594849,AGRIFRPP,Crédit Agricole,16 rue Rossi,35227,Marechal,FR
entreprise,2022-12-11,RSA Normand SAS,93272321600614,SAS,4120A,06.03.46.48.30,Peron,30301,85 boulevard Maurice Blanc,rsanormandsas@fakemail.com,FR7611315000006666587449427,CEPAFRPP,Caisse d'Epargne,4 rue de Pascal,20918,Lambertnec,FR
entreprise,2022-12-11,RSA Bodin SA,64920778400798,SA,4120B,06.66.55.62.17,Barthelemy,05423,42 rue Adelaide Le Goff,rsabodinsa@fakemail.com,FR7610011000002724101761424,PSSTFRPP,La Banque Postale,95 chemin Penelope Leroux,94904,Saint Francoise,FR
entreprise,2022-12-11,RSA Potier SA,57805069200206,SA,4120A,06.75.94.07.27,LebretonBourg,64656,14 chemin Sophie Fernandez,rsapotiersa@fakemail.com,FR7630056000001409435156547,CCFRFRCR,HSBC,76 avenue Julie Chauveau,26930,Boyernec,FR
entreprise,2022-12-11,RSA Fabre SA,46335149400877,SA,4211Z,06.23.29.14.05,RemyBourg,94982,6 rue Gilbert Bourgeois,rsafabresa@fakemail.com,FR7630006000002658654389165,AGRIFRPP,Crédit Agricole,28 chemin Ines Pierre,24158,Allain,FR
entreprise,2022-12-11,RSA Gonzalez Didier et Fils SARL,84780496000676,SARL,4120A,06.74.84.26.58,Morel,51183,23 boulevard Poirier,rsagonzalezdidieretfilssarl@fakemail.com,FR7630056000003478291984914,CCFRFRCR,HSBC,31 chemin Le Gall,29990,Sainte Nicolas,FR
entreprise,2022-12-11,RSA Martel et Fils SA,58677940700350,SA,4212Z,06.54.71.16.08,Guillotboeuf,72444,4 rue Matthieu Laurent,rsamarteletfilssa@fakemail.com,FR7630001000007516974383996,AGRIFRPP,Banque de France,23 boulevard de Marchand,06233,Neveu,FR
entreprise,2022-12-11,RSA Bonnin SA,59556265300070,SA,4291Z,06.52.46.38.59,Saint Lucasdan,97195,12 rue de Pons,rsabonninsa@fakemail.com,FR7630006000001078453135002,AGRIFRPP,Crédit Agricole,479 rue Charles,70636,Mendes-les-Bains,FR
entreprise,2022-12-11,RSA Delaunay Lefort SARL,91146005300810,SARL,4221Z,06.61.71.56.59,Laurent,72925,27 avenue Courtois,rsadelaunaylefortsarl@fakemail.com,FR7630006000004826158200029,AGRIFRPP,Crédit Agricole,15 avenue de Potier,09757,Deschamps-sur-Dupre,FR
entreprise,2022-12-11,RSA Chartier SA,62596721100040,SA,4120B,06.60.51.76.12,Bonneau-la-Foret,04582,485 chemin Laetitia Gregoire,rsachartiersa@fakemail.com,FR7611315000006355699674936,CEPAFRPP,Caisse d'Epargne,2 avenue de Henry,94953,Chauvinboeuf,FR
entreprise,2022-12-11,RSA Leclerc SA,08924129300029,SA,4291Z,06.14.09.66.81,Herve-sur-Maillard,25506,50 rue Marianne Monnier,rsaleclercsa@fakemail.com,FR7611808000005613005150643,CMBRFR2B,Crédit Mutuel,40 chemin de Sauvage,52101,Guillet,FR
entreprise,2022-12-11,RSA Picard Collin SA,78861501100186,SA,4213B,06.32.06.22.94,Saint Timothee-sur-Mer,77310,505 rue Francois,rsapicardcollinsa@fakemail.com,FR7630001000004281880775593,AGRIFRPP,Banque de France,7 boulevard de Lebreton,83953,Saint Claireboeuf,FR
entreprise,2022-12-11,RSA Duhamel SA,34216787100827,SA,4291Z,06.71.51.19.55,Chauveau-sur-Mer,12745,25 avenue Lucie Toussaint,rsaduhamelsa@fakemail.com,FR7630001000005304583611090,AGRIFRPP,Banque de France,76 chemin Gerard Texier,11692,Durand,FR
entreprise,2022-12-11,RSA Aubert SAS,47589554600095,SAS,4399D,06.74.78.23.36,Rossi-sur-Parent,40280,49 chemin Antoine Loiseau,rsaaubertsas@fakemail.com,FR7630001000006731671973707,AGRIFRPP,Banque de France,3 chemin de Ribeiro,59329,Bruneau,FR
entreprise,2022-12-11,RSA Fournier SA,63215006600637,SA,4213A,06.62.54.86.96,Ollivier,80408,23 avenue Margot Laroche,rsafourniersa@fakemail.com,FR7610011000004893214195553,PSSTFRPP,La Banque Postale,2 chemin Hardy,29102,Saint Nath,FR
entreprise,2022-12-11,RSA Gilles Colin SAS,23294464500265,SAS,4212Z,06.48.06.85.50,Sainte Caroline,29761,68 rue Zacharie Hamon,rsagillescolinsas@fakemail.com,FR7630001000006412843176070,AGRIFRPP,Banque de France,93 rue Michel Ribeiro,82929,Lambert,FR
entreprise,2022-12-11,RSA Auger et Fils SARL,41190961700200,SARL,4213B,06.10.74.92.53,Merle,35829,91 boulevard de Denis,rsaaugeretfilssarl@fakemail.com,FR7630056000008492253838356,CCFRFRCR,HSBC,30 chemin Peron,28258,GaudinVille,FR
entreprise,2022-12-11,RSA Louis SAS,75980246500980,SAS,4291Z,06.38.11.37.07,Saint Arnaude,67147,63 avenue Durand,rsalouissas@fakemail.com,FR7630004000008297403821605,BNPAFRPP,BNP Paribas,20 rue Adrienne Fournier,95525,Lucasboeuf,FR
entreprise,2022-12-11,RSA Henry SAS,11399276200485,SAS,4399C,06.56.53.12.03,Baudry,63829,39 boulevard Delmas,rsahenrysas@fakemail.com,FR7610011000008405736169139,PSSTFRPP,La Banque Postale,93 rue de Guilbert,17152,Godard,FR
entreprise,2022-12-11,AFO Bouvier SARL,95225919000215,SARL,4120B,06.74.91.58.92,Langlois-les-Bains,81147,90 rue Louis,afobouviersarl@fakemail.com,FR7630006000008020785404692,AGRIFRPP,Crédit Agricole,91 rue de Verdier,97441,Descamps,FR
entreprise,2022-12-11,AFO Leleu Allard SA,66782052600792,SA,4213A,06.22.70.90.15,Saint Anouk-la-Foret,01877,47 rue Poirier,afoleleuallardsa@fakemail.com,FR7630004000003555951736207,BNPAFRPP,BNP Paribas,47 rue Pierre Rolland,43557,Saint Tristan,FR
entreprise,2022-12-11,AFO Deschamps SAS,12808016500656,SAS,4399C,06.55.96.79.46,Guillou,37532,30 avenue de Duval,afodeschampssas@fakemail.com,FR7612548000002139728711058,AXABFRPP,AXA Banque,70 chemin de Ferreira,66924,MarchandVille,FR
entreprise,2022-12-11,AFO Labbe Chauvet SAS,69288880300511,SAS,4399D,06.88.47.82.24,Fournierdan,93631,47 rue Bonnin,afolabbechauvetsas@fakemail.com,FR7630002000006745917993951,CRLYFRPP,Crédit Lyonnais (LCL),335 chemin Hebert,60483,Rolland,FR
entreprise,2022-12-11,AFO Besnard SA,52674164000266,SA,4399C,06.27.89.18.45,Begue-sur-Da Costa,03797,569 chemin Caron,afobesnardsa@fakemail.com,FR7630001000009433164892521,AGRIFRPP,Banque de France,91 chemin Pires,10369,Gomez-sur-Mer,FR
entreprise,2022-12-11,AFO Joseph SARL,74083544200410,SARL,4120A,06.65.47.33.08,Weiss,30777,382 boulevard de Camus,afojosephsarl@fakemail.com,FR7630004000009562395269270,BNPAFRPP,BNP Paribas,64 chemin Roussel,82741,Sainte Alexandria,FR
entreprise,2022-12-11,AFO Maillet Gautier SA,05707474200321,SA,4120B,06.50.12.30.91,LegerVille,45806,18 avenue Legendre,afomailletgautiersa@fakemail.com,FR7611315000009919454370449,CEPAFRPP,Caisse d'Epargne,24 avenue Roland Marion,44870,Barbier,FR
entreprise,2022-12-11,AFO Guillot SAS,91111354600368,SAS,4213B,06.90.36.35.74,Roynec,42213,95 chemin Picard,afoguillotsas@fakemail.com,FR7610011000008667341619424,PSSTFRPP,La Banque Postale,87 boulevard David Nicolas,47746,Gauthierboeuf,FR
entreprise,2022-12-11,AFO Ollivier SA,25487438100653,SA,4399C,06.74.03.82.26,Saint Monique-sur-Mer,64710,97 rue Dorothee Lefort,afoolliviersa@fakemail.com,FR7630001000005547279400255,AGRIFRPP,Banque de France,853 rue de Jacob,35855,Sainte Margot-sur-Mer,FR
entreprise,2022-12-11,AFO Samson Rousseau SARL,48650191900220,SARL,4213B,06.25.38.35.77,Robert-sur-Delmas,81203,395 rue de Bailly,afosamsonrousseausarl@fakemail.com,FR7611315000009593457988284,CEPAFRPP,Caisse d'Epargne,45 rue Benjamin Bernard,26436,Saint LucieVille,FR
entreprise,2022-12-11,AFO Charpentier SARL,96461878900884,SARL,4213A,06.72.99.55.51,Pasquier-les-Bains,90588,447 boulevard de Gerard,afocharpentiersarl@fakemail.com,FR7630006000004203380152458,AGRIFRPP,Crédit Agricole,37 boulevard Arnaud,03854,Sainte Rogerdan,FR
entreprise,2022-12-11,AFO Briand Rodrigues SARL,97783954700766,SARL,4221Z,06.20.94.34.38,Boulanger,41937,53 boulevard Chantal Samson,afobriandrodriguessarl@fakemail.com,FR7612548000004585469307803,AXABFRPP,AXA Banque,25 chemin Brun,38706,Charles,FR
entreprise,2022-12-11,AFO Aubert SA,73431597100055,SA,4222Z,06.07.58.36.85,Techer,19231,546 rue Maggie Gay,afoaubertsa@fakemail.com,FR7630002000006675035213978,CRLYFRPP,Crédit Lyonnais (LCL),6 chemin Nathalie Le Gall,05455,Evrard,FR
entreprise,2022-12-11,AFO Nguyen Ruiz et Fils SA,83785661600656,SA,4299Z,06.20.39.69.53,Henrynec,63595,51 avenue Charlotte Duval,afonguyenruizetfilssa@fakemail.com,FR7610107000001925611041201,CCBPFRPP,Banque Populaire,364 chemin Pascal,19186,Gros-sur-Rodriguez,FR
entreprise,2022-12-11,AFO Barbe Legros SARL,09518111100295,SARL,4213B,06.51.61.85.40,Da Silva,26561,47 avenue Lemonnier,afobarbelegrossarl@fakemail.com,FR7611808000005948931921582,CMBRFR2B,Crédit Mutuel,8 rue de Hebert,67331,LegrandVille,FR
entreprise,2022-12-11,AFO Klein SARL,55752607600392,SARL,4213A,06.25.93.51.14,Dumont,78437,66 rue Becker,afokleinsarl@fakemail.com,FR7630004000007432992732583,BNPAFRPP,BNP Paribas,33 boulevard Marques,88998,Leveque,FR
entreprise,2022-12-11,AFO Dumas Turpin SA,62807191200750,SA,4222Z,06.42.94.41.32,Bruneau-la-Foret,87376,92 rue Jeannine Gillet,afodumasturpinsa@fakemail.com,FR7610107000004332102865506,CCBPFRPP,Banque Populaire,846 chemin de Perez,20844,Antoine,FR
entreprise,2022-12-11,AFO Mathieu SA,28658938700682,SA,4399D,06.57.00.71.05,Gerard,42931,54 chemin de Lagarde,afomathieusa@fakemail.com,FR7610107000009653517632162,CCBPFRPP,Banque Populaire,30 rue Leclerc,97266,Bodin,FR
entreprise,2022-12-11,AFO Deschamps SA,21546712700258,SA,4222Z,06.03.25.80.83,Deschampsboeuf,85605,22 chemin Marthe Cousin,afodeschampssa@fakemail.com,FR7630001000001649312733171,AGRIFRPP,Banque de France,7 avenue Lucy Robert,22692,Collet-sur-Leleu,FR
entreprise,2022-12-11,AFO Seguin Germain SARL,71372007600304,SARL,4120A,06.01.42.79.20,Saint Valerie,89869,89 rue Barthelemy,afoseguingermainsarl@fakemail.com,FR7612548000007439334034962,AXABFRPP,AXA Banque,9 rue Maurice Coste,89449,MeyerBourg,FR
entreprise,2022-12-11,AFO Pelletier SAS,33093221100676,SAS,4213A,06.88.21.82.28,Colas,95100,847 avenue Lemaire,afopelletiersas@fakemail.com,FR7630001000003796275832862,AGRIFRPP,Banque de France,3 avenue Patricia Techer,78259,Guillet,FR
entreprise,2022-12-11,AFO Coulon SARL,60327650200680,SARL,4222Z,06.19.41.86.76,Masse,46551,76 chemin Luc Gillet,afocoulonsarl@fakemail.com,FR7610011000005764625683686,PSSTFRPP,La Banque Postale,39 rue Hebert,28143,Moulin,FR
entreprise,2022-12-11,AFO Samson SARL,22355702600182,SARL,4399C,06.32.71.73.31,Berthelot,88125,4 chemin Da Silva,afosamsonsarl@fakemail.com,FR7610107000001009277845820,CCBPFRPP,Banque Populaire,6 boulevard Langlois,28430,BoutinBourg,FR
entreprise,2022-12-11,AFO Lopez SARL,07389472700723,SARL,4212Z,06.65.06.31.72,Sainte Benjaminboeuf,97627,75 rue Martins,afolopezsarl@fakemail.com,FR7630004000008564474724668,BNPAFRPP,BNP Paribas,46 rue Frederic Techer,70468,Becker,FR
entreprise,2022-12-11,AFO Le Roux SA,96517534200660,SA,4212Z,06.08.77.08.83,DevauxBourg,06851,4 boulevard Vincent,afolerouxsa@fakemail.com,FR7630001000003143650310275,AGRIFRPP,Banque de France,257 rue Remy,81402,Saint Thibaut,FR
entreprise,2022-12-11,PAC Martin SARL,16208046900859,SARL,4120A,06.65.80.11.30,Saint Genevieve,90620,1 avenue Rodrigues,pacmartinsarl@fakemail.com,FR7630056000008138322987530,CCFRFRCR,HSBC,64 avenue de Menard,03734,Henry,FR
entreprise,2022-12-11,PAC Lebrun Benoit et Fils SARL,80419318300188,SARL,4291Z,06.25.85.86.09,Peltier,69730,47 rue Laurent Rousset,paclebrunbenoitetfilssarl@fakemail.com,FR7612548000006523766167641,AXABFRPP,AXA Banque,41 rue Dupont,77673,Levydan,FR
entreprise,2022-12-11,PAC Gilles SARL,97820926000535,SARL,4222Z,06.20.80.28.84,Pasquier,84183,68 avenue Pasquier,pacgillessarl@fakemail.com,FR7630006000007071525540687,AGRIFRPP,Crédit Agricole,84 chemin de Gallet,62573,Bertin,FR
entreprise,2022-12-11,PAC Fernandes Pinto SA,91176378700973,SA,4221Z,06.47.25.40.80,Laporte,78106,76 chemin de Pinto,pacfernandespintosa@fakemail.com,FR7612548000002293301624522,AXABFRPP,AXA Banque,37 boulevard Bertrand Lemaire,61555,Gallet,FR
entreprise,2022-12-11,PAC Guerin SAS,07641303800084,SAS,4299Z,06.67.81.33.49,Philippe,22773,66 rue Lefebvre,pacguerinsas@fakemail.com,FR7610107000005199137129117,CCBPFRPP,Banque Populaire,672 rue Margaud Lamy,83338,Saint Oceanenec,FR
entreprise,2022-12-11,PAC Pasquier SA,92359800700402,SA,4299Z,06.30.95.15.09,Sainte Aime-la-Foret,27312,32 chemin Lucie Chauvin,pacpasquiersa@fakemail.com,FR7630004000009659923946818,BNPAFRPP,BNP Paribas,88 rue de Dupuy,64140,Delmas,FR
entreprise,2022-12-11,PAC Boucher Pierre SAS,24249907700103,SAS,4213B,06.98.11.16.68,Duval,16426,36 avenue Samson,pacboucherpierresas@fakemail.com,FR7630004000004233928783519,BNPAFRPP,BNP Paribas,47 chemin Josephine Traore,25583,Sainte Henri,FR
entreprise,2022-12-11,PAC Morel Guyot SARL,90193213700093,SARL,4211Z,06.46.83.40.34,Michel,63580,30 rue de Lefort,pacmorelguyotsarl@fakemail.com,FR7630002000004895163083347,CRLYFRPP,Crédit Lyonnais (LCL),96 avenue Vincent,92624,Saint Pierreboeuf,FR
entreprise,2022-12-11,PAC Besnard SA,26568402700690,SA,4399C,06.77.35.51.07,Saint Audrey,13502,44 boulevard Riviere,pacbesnardsa@fakemail.com,FR7630056000003189455257768,CCFRFRCR,HSBC,67 rue de Thibault,81923,Petitjean-sur-Marchand,FR
entreprise,2022-12-11,PAC Teixeira Guillaume SA,40474924400723,SA,4299Z,06.17.76.09.21,Saint Zoe,15750,80 rue de Roux,pacteixeiraguillaumesa@fakemail.com,FR7630056000003634904430044,CCFRFRCR,HSBC,428 rue Mathieu,85601,Saint Bernadette,FR
entreprise,2022-12-11,PAC Evrard SAS,32667731700496,SAS,4211Z,06.07.50.86.21,De Sousaboeuf,10155,72 avenue Roche,pacevrardsas@fakemail.com,FR7630002000007118055384034,CRLYFRPP,Crédit Lyonnais (LCL),224 chemin de Ribeiro,43336,Saint Eleonorenec,FR
entreprise,2022-12-11,PAC Courtois SARL,61358970400915,SARL,4221Z,06.24.12.04.12,Morel-sur-Maillot,89207,51 boulevard Lucie Riou,paccourtoissarl@fakemail.com,FR7611808000004720793159632,CMBRFR2B,Crédit Mutuel,68 chemin Le Roux,91289,Carre,FR
entreprise,2022-12-11,PAC Dumont SAS,95627096100991,SAS,4211Z,06.44.05.50.14,Benoit,31828,2 chemin Audrey Leclercq,pacdumontsas@fakemail.com,FR7630006000008007429240922,AGRIFRPP,Crédit Agricole,66 rue Bertrand Moreau,18713,Sainte MarieBourg,FR
entreprise,2022-12-11,PAC Pons SARL,40841329200934,SARL,4213A,06.79.07.16.82,LacombeBourg,08232,899 boulevard Louis Boulanger,pacponssarl@fakemail.com,FR7630001000006034582171816,AGRIFRPP,Banque de France,75 avenue Mathieu,70401,Sainte Guy,FR
entreprise,2022-12-11,PAC Lecoq SARL,53905715800666,SARL,4212Z,06.65.46.28.23,Lopes-sur-Jacob,54787,1 chemin Clemence Bonnet,paclecoqsarl@fakemail.com,FR7630002000003442985611657,CRLYFRPP,Crédit Lyonnais (LCL),9 rue de Fabre,86819,Martins,FR
entreprise,2022-12-11,PAC Bouvier Le Roux SARL,10808265200869,SARL,4213B,06.08.66.32.40,Bernier-sur-Leblanc,08556,68 avenue de Gomez,pacbouvierlerouxsarl@fakemail.com,FR7630001000005003863618517,AGRIFRPP,Banque de France,21 avenue de Joly,97351,Sainte Nath-sur-Mer,FR
entreprise,2022-12-11,PAC Navarro Collet SA,22764010900012,SA,4291Z,06.47.32.12.39,Guillet-sur-Poirier,97462,36 rue Andre Fleury,pacnavarrocolletsa@fakemail.com,FR7610011000005567224598682,PSSTFRPP,La Banque Postale,20 chemin Dupuy,48752,Brun,FR
entreprise,2022-12-11,PAC Raymond SARL,59926017100484,SARL,4221Z,06.69.93.12.46,Perrin,21824,14 boulevard de Jacques,pacraymondsarl@fakemail.com,FR7611808000007815761597302,CMBRFR2B,Crédit Mutuel,423 avenue Louis,32895,GayBourg,FR
entreprise,2022-12-11,PAC Marion SA,65720650400075,SA,4213A,06.10.44.50.03,Gimenez-sur-Mer,30295,2 chemin de Garcia,pacmarionsa@fakemail.com,FR7612548000006359392505355,AXABFRPP,AXA Banque,72 chemin de Leconte,79408,Sainte NoelVille,FR
entreprise,2022-12-11,PAC Rousset SARL,66613062000550,SARL,4222Z,06.48.30.04.08,Couturierboeuf,62160,13 chemin Victoire Imbert,pacroussetsarl@fakemail.com,FR7610107000005011427608702,CCBPFRPP,Banque Populaire,984 boulevard de Pottier,02966,Mercier-la-Foret,FR
entreprise,2022-12-11,PAC Francois SAS,61512157100066,SAS,4399C,06.00.46.79.21,Saint Benjaminnec,06124,55 rue de Bonnet,pacfrancoissas@fakemail.com,FR7630001000008440289369135,AGRIFRPP,Banque de France,79 avenue Gilbert Hebert,50347,Verdier-sur-Thomas,FR
entreprise,2022-12-11,PAC Lacombe SAS,06581505200991,SAS,4291Z,06.19.24.69.87,Benard,02368,47 avenue Guillot,paclacombesas@fakemail.com,FR7630056000002854419407288,CCFRFRCR,HSBC,1 chemin Jeannine Techer,04456,SeguinBourg,FR
entreprise,2022-12-11,PAC Jean SAS,10019871200067,SAS,4399C,06.49.75.80.97,Pichon,37424,44 rue Rene Lebon,pacjeansas@fakemail.com,FR7630002000002661523918114,CRLYFRPP,Crédit Lyonnais (LCL),459 rue Brunel,20568,Levy,FR
entreprise,2022-12-11,PAC Albert SAS,57589681600247,SAS,4399C,06.69.26.58.06,Rogerdan,53570,30 avenue de Joseph,pacalbertsas@fakemail.com,FR7630056000002124109496738,CCFRFRCR,HSBC,12 chemin Christophe Daniel,18322,Humbert-les-Bains,FR
entreprise,2022-12-11,PAC Blanc SA,25299681400171,SA,4213B,06.66.21.11.43,Toussaint,59988,69 rue Michele Carpentier,pacblancsa@fakemail.com,FR7630056000003032103077543,CCFRFRCR,HSBC,39 boulevard Margaret Dias,09139,Legrosdan,FR
